Folder,LoadBalancer,Language,Framework,Database
0000-golang,nginx,GO,unknown,postgres
1garo,nginx,go,unknown,postgres
4emcos-golang,nginx,Go,unknown,postgres
4emcos-nodejs,nginx,NodeJs,unknown,postgres
abel-golang,nginx,golang,unknown,postgresql
abraaolevi,nginx,Go,unknown,postgres
accerqueira-bash,nginx,bash,unknown,postgres
accerqueira-redbean-atw-down,redbean,unknown,redbean,redbean
acdesouza,nginx,Ruby_on_Rails,unknown,postgresql
acerola,nginx,ruby,unknown,postgresql
adamatti-bun,nginx,bun,express,PostgreSQL
adamatti-golang,nginx,golang,fiber,PostgreSQL
adamatti-node,nginx,javascript,express,PostgreSQL
adolfoweloy,nginx,java,unknown,postgres
adrian-e-henrique,nginx,typescript,unknown,postgresql
adrianbueno-rocket,nginx,rust,unknown,mongodb
adriano-moreira,nginx,Java/Kotlin,unknown,Postgresql
adrianog3,nginx,java,unknown,postgres
agostinho,nginx,ruby,unknown,postgresql
agpsl,nginx,golang,unknown,postgres
alanlviana-aspnet,nginx,dotnet_core,aspnet,postgres
alan_albuquerque,nginx,.NET,unknown,Postgresql
alan_albuquerque_capivara,custom,dotnet,unknown,custom
alan_albuquerque_capivara_JIT,custom,dotnet,unknown,CapivaraDB
albert-js,nginx,node.js,unknown,postgres
alcides-kotlin,nginx,kotlin,unknown,postgres
alcides-quarkus,nginx,java,unknown,postgres
AlcivanLucas,nginx,Node.js,unknown,PostgreSQL
alexandrepossebom-golang,nginx,golang,unknown,postgres
alexandrepossebom-rust,nginx,rust,unknown,postgres
alexmarquesfa-kotlin,nginx,kotlin,unknown,postgres
alexsiilvaa,nginx,.NET,unknown,PostgreSQL
alfrederson-go,custom,Go,unknown,unknown
alfredomorais,nginx,python,unknown,postgres
alissonsleal,nginx,unknown,bun,PostgreSQL
alissonsleal_go,nginx,go,unknown,PostgreSQL
allissonazevedo-golang,nginx,golang,gin_web_framework,postgres
allissonazevedo-python,nginx,python,unknown,postgres
andarilhoz,nginx,unknown,drogon,postgres
anderkonzen,nginx,elixir,phoenix,postgres
andersonef,nginx,Node,unknown,postgres
andersonfernandes-ruby,nginx,ruby,unknown,postgres
andersonhqds-node,nginx,nodejs,unknown,postgres
andre-e-gustavo,nginx,rust,actix,postgres
andre-gbi-aspnet,nginx,c#,aspnet,postgres
andre-lucas-io,nginx,scala,unknown,postgres
andre1999lopes,nginx,Go,unknown,postgres
andre237,nginx,java,unknown,postgres
andreluizsgf,nginx,golang,unknown,postgres
andrenbrandao,nginx,go,unknown,postgres
andrepiske-01,traefik,ruby,unknown,mongodb
andrepraeiro,nginx,dotnet,unknown,postgres
andresantos-tech-PHP,nginx,php,unknown,postgres
andresantos-tech-PHP2,nginx,php,unknown,postgres
andretpc,custom,rust,unknown,mongodb
andrew-vasco,nginx,kotlin,unknown,postgres
anibal.ferreira,nginx,rust,unknown,postgres
antoniogdelrio,nginx,node.js,unknown,postgres
antunesleo-python,nginx,python,unknown,postgres
arrudaricardo-01,nginx,unknown,bun,PostgreSQL
arrudaricardo-02,nginx,go,unknown,postgreSQL
arthur-rust-go-c,custom,rust,unknown,custom
arthurqueiroz4,golang,golang,unknown,postgres
arthurzapparoli,envoy,rust,unknown,postgres
asfernandes-cpp-haproxy-mongoose-firebird,haproxy,cpp,mongoose,firebird
asfernandes-cpp-haproxy-mongoose-lmdb,haproxy,cpp,mongoose,lmdb
asfernandes-cpp-haproxy-mongoose-pgsql,haproxy,cpp,mongoose,postgresql
athayr,nginx,python,fastapi,postgres
avalonbits,custom,go,echo,sqlite
avelfir-java,nginx,java,unknown,postgres
avinho,nginx,quarkus,unknown,postgres
aysion_bun,nginx,unknown,bun,SQLite
aysion_nodejs,nginx,nodeJS,unknown,mariaDB
bbeluco,nginx,dotnet,unknown,postgres
bbonagura9,nginx,go,gin,postgres
bcaua,custom,.NET_Core,unknown,PostgreSQL
bgskurono,nginx,Golang,Gin,Postgresql
biigode,nginx,node.js,unknown,PostgreSQL
bine-golang,nginx,go,unknown,postgres
bine-php-hyperf,nginx,php,unknown,mariadb
bine-php-laravel,nginx,php,unknown,postgres
bine-php-road-runner,nginx,php,unknown,postgres
bine-php-swoole,nginx,php,swoole,postgres
bine-reactphp,nginx,php,unknown,postgres
boaglio-canabrava-procs,custom,bash,unknown,postgres
boaglio-curvaderio,custom,java,unknown,mongodb
boaglio-jaiminho,custom,java,unknown,postgres
BrayaOrtega,custom,.NET,unknown,PostgreSQL
brendonmatos-bun,nginx,TypeScript,Bun,PostgreSQL
breno5g,nginx,go,unknown,postgres
brenonaraujo,nginx,golang,gin,postgresql
brilvio,nginx,rust,unknown,postgres
brunocamarggo,nginx,java,unknown,postgres
brunocamarggo-golang,nginx,golang,unknown,postgres
brunodelucasbarbosa,custom,golang,unknown,unknown
brunolipe-a,nginx,nodejs,unknown,postgres
brunoquinelato,nginx,csharp,unknown,postgres
buemura,nginx,go,echo,PostgreSQL
buemura-nestjs,nginx,Node,unknown,PostgreSQL
buemura-quarkus,nginx,java,unknown,postgres
bun-saulofelipe,nginx,typescript,unknown,sqlite
cacambito,nginx,unknown,nestjs,postgres
cadu,custom,rust,unknown,postgres
caique,custom,python,unknown,postgres
cairocampos98,nginx,unknown,bun,postgres
canabrava,custom,bash,unknown,postgres
caravanacloud,nginx,unknown,quarkus,postgres
carijo-slim,nginx,node.js,unknown,postgres
carioca-tech,nginx,java,unknown,postgres
carlosdemarco,nginx,java,webflux,postgres
carloseduard0,nginx,dotnet,unknown,postgres
carls-rodrigues,nginx,rust,unknown,postgres
carlsonsantana-springboot,nginx,java,unknown,postgres
carolinejk-fastapi,nginx,python,unknown,postgres
casanje,nginx,NestJS,unknown,Postgres
cassiano-manuelzinho-golang,nginx,go,unknown,postgres
cassiano-matheuszinho-java,custom,java,spring,postgres
cassiano-pedrinho-rust,nginx,rust,axum,postgres
cesar-rodrigues,nginx,php,unknown,mongodb
chipytux,nginx,python,unknown,postgres
claudio-silva,nginx,java,unknown,postgres
claudioavgo,nginx,unknown,quarkus,postgres
cleidiano,nginx,kotlin,unknown,postgres
cleitinif,haproxy,golang,unknown,postgres
cleverson-flask,nginx,Python,unknown,postgres
cleverton-rocha,nginx,typescript,unknown,postgresql
cleverton-rocha-java,nginx,java,spring,postgresql
crebitojs,nginx,Node.js,unknown,Postgres
cristiano182,nginx,NodeJS,unknown,PostgresSQL
daandrn-php,nginx,php,unknown,postgres
dagneifilho,nginx,.NET,unknown,PostgreSQL
daniel-goncalves,nginx,java,spring,postgres
danielmorello-java,nginx,java,spring,postgres
danielwisky,nginx,java,unknown,postgres
danilo-nodejs,nginx,nodejs,unknown,postgres
daniloflorenzano,nginx,dotnet,unknown,postgres
daniloraisi,traefik,go,unknown,postgres
danilosilva,nginx,csharp,aspnet,mongodb
danilosiqueira,custom,unknown,unknown,unknown
davi-figs-python,nginx,python,fastapi,postgresql
david-silva,nginx,java,unknown,postgres
ddanielsantos,nginx,rust,unknown,postgresql
ddanielvaz,nginx,rust,warp,postgresql
ddanielvaz-cpp-qt,custom,cpp,unknown,PostgreSQL
ddd-nodejs,nginx,NodeJS,hyper-express,Postgres
delzin,custom,nodejs,unknown,postgres
deno-cassiogangrel,custom,unknown,deno,postgres
densyy-bun,custom,unknown,bun,postgres
devblack21,nginx,java,unknown,postgres
devkemc-node,nginx,node,unknown,postgres
diego-coronel,nginx,kotlin,quarkus,postgres
diegoalexandrooliveira,nginx,java,unknown,postgres
diegomarques-springboot,nginx,java,unknown,postgres
diegorsousa-spring-native,nginx,java,unknown,postgres
diogoviana,nginx,ruby,sinatra,SQLite
dionesvfreitas,nginx,typescript,unknown,postgres
direisc,nginx,node,unknown,postgres
dksedlak,nginx,Golang,unknown,PostgreSQL
doceazedo,custom,unknown,SvelteKit,PostgreSQL
dowingows-phalcon-php,nginx,php,unknown,postgres
dreamagici4n,nginx,node,express,mongodb
dridev,custom,go,unknown,postgres
dridev_java,nginx,java,unknown,postgres
droderuan,nginx,node.js,express,postgres
dscamargo,nginx,golang,unknown,postgresql
dscorzoni-django,custom,python,unknown,postgresql
dscorzoni-fastapi,custom,python,fastapi,postgresql
dsinmsdj,custom,perl,unknown,postgres
duke-bank,nginx,java,unknown,postgresql
ecsbjunior-actix-rust,nginx,rust,actix_web,postgres
ed1000,nginx,java,unknown,postgres
eddcp-nodejs,nginx,nodejs,fastify,postgres
edersonlima-dotnet8,nginx,C#,unknown,postgresql
edimarlnx,haproxy,go,unknown,postgres
Edmar-Sousa,nginx,php,unknown,postgres
edubarbieri,custom,golang,unknown,mariadb
edy-elixir-e-ranger-de-dentes,nginx,mnesia,elixir,unknown
efraim-santana,nginx,unknown,aspnet,postgres
eigr,custom,elixir,unknown,mnesia
ELESBAO,custom,NodeJs,Express,PostgresSQL
elioenaiferrari,custom,elixir,unknown,postgres
elioenaiferrari-rust,nginx,rust,unknown,postgres
elixiremfoco,nginx,elixir,phoenix,postgres
emanuel-ac-iroot-tech,nginx,python,unknown,PostgreSQL
emanuel-xavier-go,nginx,go,fiber,postgres
emanuel-xavier-rust,nginx,rust,axum,postgres
emiliosheinz-fumegalli-node,nginx,node.js,nest.js,postgresql
engylemure,nginx,rust,unknown,postgres
enohr,nginx,Go,unknown,PostgreSQL
erick-lucca-nodejs,nginx,nodejs,express,postgres
erick-oda-rust,nginx,rust,actix,postgresql
erickcestari,nginx,rust,ntex,postgres
erickmarx,nginx,unknown,bun,postgres
erickreis,nginx,unknown,bun,postgres
ericlessa,nginx,Quarkus,unknown,Postgresql
eriksilva,nginx,go,unknown,postgres
eugenio-cunha,nginx,go,fiber,postgres
eu_fountai,custom,Node,http,Postgres
exemplo,nginx,clojure,unknown,postgres
fabianoaono-java,nginx,java,quarkus,postgres
fabianoflorentino,nginx,ruby,unknown,postgres
fabiokleis,nginx,erlang,unknown,postgres
fabionaspolini,nginx,dotnet,unknown,postgres
fabionaspolini-sync,nginx,dotnet,unknown,postgres
Fabricio-net8,nginx,cpp,unknown,postgres
FaelLima98,nginx,.NET,unknown,PostgreSQL
fbourguignon,nginx,Java,micronaut,cockroach
fbourguignon-micronaut-java21-graalvm,nginx,Java,micronaut,postgres
felipe-alcantara-actor-model,custom,Go,unknown,MongoDB
felipebossolani-dotnet,nginx,dotnet,unknown,postgres
felipebossolani-dotnet9-preview,nginx,unknown,unknown,postgres
felipefrmelo,nginx,unknown,fastapi,postgres
felipefrmelo-robyn,nginx,unknown,robyn,postgres
felipefrmelo-uvicorn,nginx,unknown,uvicorn,postgres
felipelaraujo,nginx,go,unknown,postgresql
felipemarkson,nginx,C,unknown,postgres
felipemarkson-rust,rust,rust,unknown,rust
felipeoriani,nginx,C#,unknown,postgres
felipeparaujo,nginx,go,unknown,postgresql
felipeymn,nginx,go,unknown,postgres
felipma-rust,nginx,rust,axum,postgres
felipma-rust-rataria-version,nginx,rust,axum,postgres
felipph-calado-nodejs,custom,NodeJS,unknown,postgres
fernandofogliato-java,nginx,java,spring,postgres
fernandomedeiros,nginx,java,unknown,postgresql
fernandomorais,nginx,java,unknown,postgres
fernanduandrade,nginx,.NET,unknown,Postgres
fgarrido,haproxy,C#,unknown,postgres
fhgm,nginx,dotnet,unknown,postgres
fielcapao,nginx,cassandra,java,unknown
fielcapao-javaslow-no-framework,nginx,java,unknown,cassandra
filipemacedo,custom,typescript,unknown,postgres
flpStrri,custom,rust,unknown,mongodb
fraidev,nginx,rust,unknown,postgres
francoggm,nginx,go,unknown,neo4j
franklaercio,nginx,java,unknown,postgresql
ftathiago-blogdoft-csharp,nginx,unknown,unknown,postgres
ftathiago-blogdoft-csharp-aot,nginx,unknown,unknown,postgres
fwbrasil,nginx,scala,jvm,custom
g-otn,nginx,javascript,hyperexpress,postgresql
gabriel-accetta,nginx,typescript,fastify,postgres
gabriel-roque,nginx,NodeJs,unknown,PostgresSQL
gabrielbarbieri-nodejs,nginx,Node.js,unknown,postgres
gabrielfmagalhaes,nginx,java,unknown,postgres
gabrielhsferreira,custom,.NET,unknown,PostgreSQL
gabrielluciano-go,nginx,go,unknown,postgresql
gabrielluciano-vertx,nginx,java,unknown,postgres
gabrielSantosLima,nginx,Node.js,express.js,postgres
galodoido,custom,C,unknown,custom
garnizeh,nginx,go,unknown,PostgreSQL
garnizeh-alternative,nginx,go,unknown,sqlite3
garodrigues,nginx,python,fastapi,postgres
gasparbarancelli,custom,Quarkus,unknown,Postgres
gasparbarancelli-h2-database,nginx,Quarkus,unknown,H2
gasparbarancelli-java-sem-framework,nginx,java,unknown,postgres
gasparbarancelli-nginx,nginx,Quarkus,unknown,Postgres
gasparbarancelli-procedure,nginx,Quarkus,unknown,Postgres
gateixeira,nginx,golang,unknown,postgres
gavageovanni,custom,golang,echo,postgres
gavageovanni-kotlin,custom,kotlin,webflux,postgres
gbank,custom,scala,unknown,mongodb
gbfonseca,nginx,rust,unknown,mongodb
gcrispino,nginx,go,unknown,postgres
gcrispino-pgx,nginx,go,echo,postgres
geffersonFerraz-http2,caddy,Go,unknown,Mongo
geffersonFerraz-http3,custom,go,unknown,mongo
geo-aspnet,nginx,.net,unknown,postgres
geraldojrcg-elixir,nginx,elixir,phoenix,postgres
geraldojrcg-swift,custom,swift,vapor,postgres
gfds-micronaut,nginx,unknown,micronaut,postgres
ghhernandes,custom,golang,httprouter,pgx
ghost-in-the-machine-86,nginx,node,unknown,postgres
gianimpronta-springboot,nginx,java,unknown,postgres
gicornachini,nginx,python,aiohttp,postgres
gilbertojnj-java,nginx,java,spring-boot,postgres
gilmardealcantara,nginx,Golang,unknown,postgres
giovannibassi,envoy,dotnet,unknown,postgresql
giovannibassi-nonpooled,custom,.NET,unknown,Postgresql
giovannibassi-rust,envoy,rust,unknown,postgresql
giovannibassi-vb,envoy,vb,aspnet,postgresql
glauberborges,nginx,PHP,unknown,postgres
glauco-filho-01,nginx,unknown,fastapi,postgres
gldmelo,nginx,C#,unknown,postgres
gldmelo-cs-py-hibrid,nginx,C#,unknown,postgres
gldmelo-py-fastapi,nginx,C#,unknown,postgres
gmafrac-golang,nginx,golang,unknown,postgres
gmrms,nginx,kotlin,unknown,mongodb
grilario,nginx,rust,unknown,postgres
gtadashii,nginx,unknown,bun,postgres
guaracy-nim,nginx,Nim,unknown,postgres
gui9394,nginx,java,unknown,postgres
guiestimo,nginx,dotnet,unknown,postgres
guihbc,nginx,golang,fasthttp,postgres
guilherme-dotnet8,nginx,.net,unknown,postgres
guimadev-kotlin,nginx,kotlin,unknown,postgres
gusinacio,haproxy,rust,unknown,postgres
gustavo-node,nginx,nodejs,unknown,postgres
gustavo-node-v2,nginx,nodejs,unknown,postgres
gustavofbreunig,nginx,java,unknown,postgresql
gustavonovaes-go,nginx,go,unknown,postgresql
gustavoramos00,nginx,java,unknown,postgres
gustavoramos00-spring-trsfree,nginx,java,unknown,postgres
gutkedu-nodejs,custom,nodejs,unknown,postgresql
gwoliveira-no-db-lock,custom,kotlin,ktor,postgres
h4ad,nginx,nodejs,unknown,postgres
halexv,nginx,nodejs,nestjs,postgres
hallexcosta-hyperf,nginx,php,unknown,postgres
hass-rust,nginx,rust,unknown,postgres
heitor-jsr,nginx,golang,unknown,postgresql
heitor-ps,nginx,NodeJS,Express,Postgres
hendrikaraujo,haproxy,golang,unknown,postgres
henr1q-fastapi,nginx,python,fastapi,postgresql
henriqueccapozzi-django-01,nginx,python,unknown,postgres
henriqueholtz,nginx,.NET,unknown,PostgreSQL
hfurlan,nginx,go,unknown,postgresql
hfurlan-java,nginx,java,unknown,postgres
hfurlan-java-transacao-particionada,nginx,java,unknown,postgresql
hiroshimorowaka,nginx,NodeJS,Express,Postgres
hiroshimorowaka-golang,nginx,Golang,Gin-Gonic,Postgres
hlscalon-go,custom,go,unknown,postgresql
hstreb-vertx,nginx,java,vertx,PostgreSQL
ilosamart,nginx,python,unknown,postgresql
impedro29-performance,nginx,golang,unknown,nutsdb
ircnelson,nginx,C#,aspnet,postgres
isadora-souza,nginx,golang,gin,postgresql
isadora-souza-mongodb,nginx,golang,gin,mongodb
isaquealves,custom,python,fastapi,postgresql
italobbarros,nginx,golang,unknown,postgres
italopussi,nginx,python,flask,postgres
itujo,nginx,node,unknown,postgres
itujo-minimal-node-uws,nginx,node,unknown,postgres
iury-amorim,nginx,java,unknown,postgres
ives-samuel-powershell,nginx,unknown,unknown,sqlite
ivmello,nginx,golang,unknown,postgres
jairoandre,nginx,rust,actix_web,postgres
jairoandre-maggie,nginx,rust,ntex,postgres
java-cassiogangrel,custom,unknown,aspnet,postgres
jazielloureiro,nginx,go,unknown,postgresql
jcrjuliano,nginx,Java,unknown,Postgres
jefersonbaixo,nginx,elixir,unknown,postgres
jeifersonalmeida-spring,nginx,Java,unknown,PostgreSQL
jfilipedias,nginx,go,unknown,postgres
jhonnyboy,nginx,golang,unknown,mysql
jjeanjacques10,custom,Kotlin,Spring_Boot,Postgresql
jnariai,nginx,php,laravel,postgres
jndavidx,nginx,python,flask,postgres
joao-peterson,nginx,c,unknown,postgres
joao0212,custom,kotlin,spring_boot,postgres
joaobittencourt-php,nginx,PHP,unknown,postgres
joaojr13,nginx,dotnet,unknown,postgres
joaopaulosg,nginx,Java,unknown,postgres
joaopmerlin,envoy,java,unknown,postgres
joaovds,nginx,go,unknown,postgres
johnpgr_vlang,nginx,V,vweb,PostgreSQL
jojodev,nginx,python,flask,mysql
jonasfeanor,nginx,go,unknown,postgresql
jonatasoli,nginx,python,fastapi,postgres
jonathanperis,nginx,unknown,unknown,Postgresql
jonattas_bunjs,nginx,typescript,unknown,postgresql
jorgehrique-dotnet,nginx,c#,unknown,mongodb
josebaroni,nginx,go,unknown,postgresql
josebaroni-postgrest,nginx,unknown,unknown,postgres
josimarz-golang,nginx,golang,unknown,postgres
jovitcorreia,nginx,java,unknown,postgresql
jpaf,nginx,Go,gin,postgres
jpcairesf-go,nginx,go,unknown,unknown
jpcairesf-java,nginx,java,unknown,unknown
jpmoura-go,nginx,go,unknown,postgres
jrblatt,nginx,rust,unknown,postgresql
jrkessl,nginx,python,flask,postgresql
julioriffel-django,nginx,python,django,postgresql
julioriffel-fastapi,nginx,python,fastapi,postgresql
juliorovesta,nginx,dotnet,unknown,postgres
juliotsutsui-node,nginx,nodejs,express,postgres
juniodbl,nginx,java,unknown,postgres
juniorleaoo,custom,kotlin,http4k,postgres
juniorleaoo-go,custom,go,unknown,postgres
juniorleaoo-host,custom,kotlin,http4k,postgres
juniorleaoo-lbk,custom,kotlin,http4k,postgres
juniorzucareli-dotnet,nginx,C#,unknown,postgres
kaikelfalcao,nginx,php,unknown,postgres
kalelMartinho_fastapi,custom,python,fastapi,postgres
kauan-calasans,nginx,elixir,phoenix,postgresql
kauefraga-golang,nginx,go,gofiber,postgresql
kelvinromero-fastapi,nginx,python,unknown,postgres
kiro-tagama,nginx,unknown,unknown,postgres
KitsuneSemCalda,nginx,Golang,unknown,Postgres
kleytonsolinho-golang,nginx,go,unknown,mysql
klimber,nginx,Java,unknown,postgres
krymancer-dotnet,nginx,dotnet,unknown,postgres
krymancer-zig,nginx,zig,unknown,postgres
lazaronixon,custom,ruby_on_rails,unknown,sqlite
lbaesso-dotnet,nginx,dotnet,unknown,postgres
lbaesso-php,nginx,php,unknown,postgres
leandro-sousa,haproxy,cpp,drogon,postgres
leandroaa,nginx,java,unknown,postgres
lec-codes-go-rinha,nginx,golang,unknown,postgres
LeGustaLagosta,nginx,go,unknown,postgresql
leluque-micronaut-java,nginx,java,micronaut,postgresql
leodf-go,nginx,go,fiber,postgres
leoggo_golang,nginx,golang,unknown,postgres
leoggo_rust,nginx,rust,actix_web,postgres
leonardo-meireles,nginx,java,WebFlux,postgres
leonardohofling,nginx,.NET,unknown,Postgresql
leonardoksn,nginx,node,express,postgres
leonardovee,haproxy,go,unknown,postgres
leonardsoncc-go,nginx,go,unknown,postgres
leoralph,nginx,php,unknown,postgres
leosima_dotnet,nginx,cpp,unknown,postgres
levifonseca,nginx,rust,unknown,AlexDB
lfsmariz-go,nginx,go,fiber,postgres
limaenz-dotnet,nginx,dotnet,unknown,postgres
lipe1994_dotnet,nginx,csharp,aspnet,postgres
lm-bunsh,nginx,unknown,bun,sqlite3
lmtani,nginx,Go,unknown,postgres
lobomfz,nginx,unknown,bun,postgres
lobomfz-rust,nginx,rust,unknown,postgres
lpicanco,nginx,rust,unknown,postgres
lpicanco-cpp,nginx,cpp,unknown,postgres
lpicanco-moonshine,custom,rust,Axum,custom
lsfratel,custom,kotlin,ktor,postgres
lsfratel-python,custom,python,unknown,postgres
lsfratel-python-own-framework,custom,python,unknown,postgres
luan-javalin,custom,java,unknown,postgres
luanfrj-camel,nginx,Java,unknown,postgres
lubien-multi-tenant-sqlite,nginx,elixir,phoenix,sqlite
lubien-phoenixqlite,nginx,elixir,phoenix,sqlite
lucas-hsm,custom,rust,unknown,postgres
lucasdev2005,custom,Go,unknown,unknown
lucasew-go-tigerbeetle,nginx,golang,unknown,tigerbeetledb
lucasmancan,nginx,java,jooby,postgres
lucasmolinari,nginx,NodeJS,unknown,MongoDB
lucasmro,nginx,java,unknown,postgresql
lucassperez-go-crebito,nginx,go,unknown,postgres
lucasSSalgado,custom,golang,fiber,postgres
lucasSSalgadov2,custom,golang,unknown,postgres
lucaswilliameufrasio,nginx,golang,unknown,postgres
lucaswojahn,nginx,golang,unknown,postgres
lucas_delboni,nginx,unknown,ktor,postgres
lucianovilela,nginx,nodejs,unknown,postgresql
luisescosta,nginx,nodejs,unknown,postgreSQL
LuisKpBeta,nginx,C#,unknown,postgres
luizfrra,nginx,unknown,javalin,postgres
luizgribeiro-monGo,nginx,Go,unknown,MongoDB
lukaskj-ts,nginx,typescript,unknown,postgres
luuisavelino,nginx,golang,unknown,postgres
m-lnrs,nginx,python,unknown,postgres
m-lnrs-async-python,nginx,python,unknown,postgres
macgarcia,nginx,unknown,unknown,postgres
macielti,nginx,clojure,unknown,postgres
maelalvi-quarkus,nginx,java,unknown,postgres
magusd,nginx,go,unknown,unknown
mal_golang,nginx,golang,unknown,postgresql
mangar-golang,nginx,Golang,unknown,postgres
marcelo-lucas-dotnet-1,custom,.NET,unknown,Postgresql
marcelo-python-async,custom,python,unknown,postgresql
marciocg-javaquarkus,nginx,java,unknown,PostgreSQL
marciotoshio,nginx,ruby,rack,postgres
marcoagpegoraro,nginx,vlang,unknown,postgres
marcoseckart,nginx,rust,unknown,postgres
marcospaulo-go,nginx,Go,unknown,PostgreSQL
marcospaulo-java,custom,java,unknown,postgres
marcospaulo-kotlin,haproxy,Kotlin,Undertow,H2_Database
marcosprado-java-micronaut,nginx,java,unknown,postgres
marcosqueiroga,nginx,.NET,unknown,Postgresql
marcusadriano-go,nginx,golang,fiber,postgres
marcusantunius,nginx,rust,actix_web,postgres
marcusdacoregio,nginx,unknown,unknown,postgres
marcusxavierr,nginx,Go,unknown,postgres
mari-souza,nginx,C#,unknown,mysql
marincor,haproxy,golang,fiber,postgres
mariofronza-kotlin,nginx,kotlin,unknown,postgres
mateus4k,haproxy,go,unknown,postgres
mateuscolvr,custom,OCaml,unknown,PostgreSQL
mateusdeitos-node,nginx,node.js,unknown,postgres
mateusdeitos-php-swoole,nginx,php,swoole,postgres
mateuxlucax-dart,nginx,dart,unknown,postgres
mateuxlucax-quarkus,nginx,unknown,quarkus,postgres
matheus-mr,nginx,java,webflux,postgresql
matheus-trindade,nginx,go,unknown,postgres
matheusbaptistella-rust,nginx,rust,unknown,postgres
matheuscamargo,nginx,go,unknown,sqlite
matheusdojava,nginx,java,unknown,postgres
matheusfbosa,nginx,go,unknown,postgresql
matheuslao,nginx,Python,unknown,postgres
matheusleal,nginx,Node.Js,unknown,postgres
matheuswilliam,nginx,c,unknown,postgresql
matheuswilliam-java,nginx,java,unknown,postgresql
mauriciorosa-net8,nginx,cpp,unknown,postgres
mauroue,nginx,golang,unknown,postgres
maxel-uds,nginx,Java,Spring_Webflux,postgres
maxsonferovante-python,nginx,python,unknown,postgres
maxwell,nginx,c,unknown,postgres
maxwell-fs,nginx,c,unknown,in-memory
mdamaceno-ada,nginx,ada,unknown,postgresql
mdamaceno-ruby,nginx,ruby,unknown,postgresql
mdssjc-springboot-java,nginx,java,unknown,postgres
met4tron-nodejs,nginx,nodejs,unknown,postgres
mgenteluci,custom,go,unknown,postgres
micael-ortega-golang,nginx,golang,unknown,postgres
michaelalves204,nginx,ruby,unknown,postgresql
mikaelsouza,nginx,rust,axum,PostgreSQL
mourishitz-nest-js,nginx,typescript,unknown,postgres
mpsforca-vertx-kotlin,nginx,Kotlin,unknown,Postgres
mpupolv-python,nginx,python,unknown,postgres
murilochianfa,custom,cpp,unknown,mariadb
mvellasco,custom,python,falcon,postgres
my_way,nginx,ruby,unknown,postgres
nathanbahiadev__golang,nginx,go,unknown,postgres
nathanbahiadev__python,nginx,python,sanic,postgres
nathanbahiadev__typescript,nginx,TypeScript,unknown,Postgres
NathanFirmo,nginx,go,unknown,postgres
navarro,custom,Rust,unknown,espora-db
navarro-espora-embedded,custom,Rust,unknown,espora-db
newton,nginx,elixir,unknown,postgres
nicholasboari-java-puro,nginx,java,unknown,postgres
nicholasboari-spring,nginx,java,unknown,postgres
nicolasmmb,nginx,go,unknown,postgresql
nicolasmmb-dart,nginx,unknown,unknown,postgresql
nielsonrolim-ror,nginx,ruby,unknown,postgres
nmessias,nginx,php,unknown,postgres
noriller,nginx,ts,next.js,better-sqlite3
noriller-3,nginx,unknown,next.js,better-sqlite3
noriller-4,nginx,unknown,next.js,better-sqlite3
noriller-5,nginx,ts,next.js,better-sqlite3
normanfrieman,nginx,.NET,unknown,Postgresql
nosilex,nginx,go,unknown,mariadb
not4rt-rspingora,pingora,rust,actix-web,postgres
nyxawaits,nginx,go,unknown,postgres
ogabriel-elixir,nginx,elixir,phoenix,postgres
ogabriel-golang,nginx,golang,gin,postgresql
oliveiraeliel,nginx,golang,unknown,postgres
oliveiratheone-rust,nginx,rust,unknown,postgres
oloko64,nginx,rust,axum,postgres
olukkas,nginx,go,unknown,postgres
omurilo,nginx,go,unknown,mongodb
omurilo-perl,nginx,perl,unknown,sqlite
oneabrante,nginx,node.js,unknown,postgresql
oswaldolinhares-ruby-roda-sequel,custom,ruby,unknown,postgres
otonielsilva,nginx,java,unknown,postgres
oui_tecnologia,custom,c,unknown,unknown
oui_tecnologiav2,custom,c,unknown,custom
panisset-rafael,nginx,unknown,Express,postgres
PatrickChagastavares,nginx,Golang,Echo_web_framework,postgres
paulo-paes,nginx,NodeJS,unknown,PostgreSQL
paulo-paes-bun,nginx,unknown,Bun,PostgreSQL
paulohenriqu,nginx,Java,unknown,PostgreSQL
paulohenriquesn-python,nginx,python,unknown,postgres
paulo_sergio,nginx,python,FastApi,PostgreSQL
paulo_sergio_alpine,nginx,python,FastApi,PostgreSQL
pedro-azevedo-e-matheus-gomes-nodejs,nginx,nodejs,express,postgres
pedrohenriquea,nginx,go,unknown,postgres
pedrohenriquea-pgbouncer,nginx,go,unknown,postgres
PedroHenriquevr,nginx,rust,unknown,postgres
pedrolzoliveira,nginx,nodejs,unknown,postgresql
pedrolzoliveira-postgrest,custom,unknown,unknown,postgres
pedroter7,haproxy,.NET,aspnet,MariaDb
pedrovsn,nginx,java,unknown,postgresql
phaguiar-net,nginx,unknown,aspnet,postgres
picklesdog-go,nginx,golang,unknown,postgres
pietrohl,haproxy,rust,axum,postgres
ptrecenti,nginx,java,unknown,postgresql
quarkusclub,nginx,Java,Quarkus,Postgresql
quokka,custom,rust,unknown,postgres
rafaelktakahashi,nginx,rust,actix-web,postgres
rafaelleoni,traefik,golang,unknown,postgres
rafaelpadovezi,nginx,unknown,aspnet,postgresql
rafaelpadovezi-django,nginx,python,django,postgresql
rafaelpadovezi-django-orm,nginx,python,django,postgresql
rafaelpadovezi-mongo,nginx,unknown,unknown,mongodb
rafaelporto-dotnet-orleans,custom,dotnet,unknown,mysql
rafaelrcamargo,custom,Rust,unknown,custom
rafaeltorquato-saitama,custom,java,unknown,postgres
rafaqwe1,nginx,go,unknown,postgres
rafaumlemos,nginx,nodejs,unknown,postgres
raiane-dev,caddy,go,unknown,sqlite
raissadev,nginx,golang,unknown,postgres
ramondelemos,nginx,elixir,unknown,postgresql
ramonmelod-node-express,nginx,nodejs,express,postgres
ramosfabiano,nginx,unknown,drogon,postgres
ramosfabiano_v2,nginx,unknown,drogon,postgres
raphaelmonticello,nginx,go,fiber,postgres
raphael_milani,nginx,java,unknown,postgres
rayan-elixir,nginx,elixir,unknown,postgres
rayan-rust,nginx,rust,unknown,postgres
rdenadai_bun_sqlite,haproxy,unknown,bun,sqlite
rdenadai_python,nginx,python,unknown,PostgreSQL
rdenadai_rust,nginx,rust,unknown,PostgreSQL
recoba,nginx,golang,unknown,postgres
renan-norba,nginx,elixir,unknown,mnesia
renanvm,nginx,java,unknown,postgres
renanvy-crystal,custom,crystal,unknown,postgresql
renatolfc-??,custom,rust,unknown,postgres
reonardoleis,nginx,go,unknown,postgres
rhsobr-bun,nginx,unknown,bun,postgres
rhsobr-go,nginx,golang,gin,postgres
ricardovhz,envoy,go,gin,rinha2_store
richardnfag-vernal,custom,rust,tokio,lmdb
rigottig,nginx,rust,unknown,postgres
ritilopes,envoy,kotlin,spring,postgres
rizzo-nodejs,nginx,nodeJS,unknown,postgreSQL
rmac737,custom,.NET,unknown,postgres
rmauro,envoy,C#,unknown,mysql
rmauro-mysql-yarp,custom,C#,unknown,mysql
rmauro-postgresql,envoy,C#,unknown,postgresql
rmauro-postgresql-yarp,custom,C#,unknown,postgresql
robertoseba,nginx,Javascript/Typescript,NestJs,postgres
robsoncassol,nginx,java,unknown,postgresql
rodolphovs,nginx,c,unknown,in-memory
rodolphovs-c-db,nginx,c,unknown,custom
rodolphovs-rs,custom,rust,unknown,postgres
rodrigo-brito,nginx,go,unknown,postgres
rodrigoaramburu,nginx,php,swoole,postgres
rodrigocaldeira,nginx,elixir,phoenix,postgres
rodrigocaldeira-c,nginx,C,unknown,postgres
rodrigopizzi,nginx,kotlin,ktor,mongodb
rodrixl,nginx,python,unknown,postgres
rof20004,nginx,go,unknown,postgres
rogerbu-java,nginx,java,unknown,postgresql
ronaldo_scardini,nginx,rust,unknown,postgresql
ronistone-go,nginx,Golang,Echo_v4,Postgres
ronistone-spring,nginx,java,spring_boot,postgres
rp83t1,custom,golang,unknown,postgresql
rschio,nginx,go,unknown,postgres
rud-nodejs,nginx,nodejs,unknown,postgres
ruhtar,nginx,.net_8,unknown,postgres
rust-cassiogangrel,nginx,rust,unknown,postgres
rwillians-elixir,custom,elixir,unknown,postgresql
ryansdb,nginx,cpp,unknown,custom
ryan_and_sena,nginx,cpp,aspnet,postgres
ryrden,nginx,go,fiber,postgres
samluiz,nginx,Go,Fiber,Postgres
samuelfr7,nginx,unknown,bun,postgres
samueljansem,custom,.NET,unknown,PostgreSQL
santannaf_web,nginx,java,unknown,postgres
santannaf_webflux,nginx,java,unknown,postgres
santannaf_webflux_wu,nginx,kotlin,unknown,postgres
santannaf_web_go_unlogged,nginx,golang,unknown,postgres
santanna_web_go,nginx,golang,unknown,postgres
santanna_web_wu,nginx,kotlin,unknown,postgres
saskenuba,custom,rust,unknown,lmdb
saulomendonca-rails,nginx,ruby,unknown,postgres
savio04,nginx,nodejs,unknown,postgres
schrammel-bun-prisma,custom,unknown,bun,unknown
sergipebackend-java,custom,java,WebFlux,Postgresql
silmar-alberti-franken-php,haproxy,php,unknown,postgres
sinatrinha-do-povo,nginx,ruby,unknown,postgresql
skvggor-pankkivahva-rust,custom,rust,unknown,postgres
srlucasromulo-not_so_fast_api,nginx,unknown,unknown,postgres
stefannovasky,nginx,C#,aspnet,PostgreSQL
stefannovasky-kitajs,nginx,node.js,unknown,postgresql
sudo-victor-js,nginx,node.js,unknown,postgres
suricat89-mongodb,custom,golang,fiber,postgres
suricat89-postgres,custom,golang,fiber,postgres
taciossbr,custom,python,flask,postgres
tagliatti,nginx,csharp,unknown,postgres
thiagodamas-go-swagger-sqlc-postgres,custom,go,unknown,postgres
thiagofernandes_bun,nginx,unknown,bun,postgres
thiagorigonatti-java-core,nginx,java,unknown,postgres
thiagosantana,nginx,Java,unknown,mongodb
thiagosantana_go,nginx,Golang,unknown,PostgreSQL
thiagotn,nginx,unknown,fastapi,postgres
thicsilva,nginx,dotnet,unknown,mariadb
thiper01-django,nginx,python,unknown,postgres
thiper01-fastapi,nginx,python,unknown,postgres
thusspokebieu-activej,nginx,java,unknown,postgres
thusspokebieu-rust,nginx,rust,ntex,postgres
thyagopiske-dotnet,nginx,dotnet,unknown,postgresql
tiagoguerreirodev-go,nginx,golang,unknown,postgres
tiagoguerreirodev-python,nginx,python,fastapi,postgres
tiagorconceicao-node,nginx,node.js,unknown,postgresql
tomer,nginx,rust,unknown,sqlite
tonholis-dotnet,nginx,C#,unknown,postgres
tonico,custom,ruby,unknown,postgres
tonycarvalho1994,nginx,GoLang,unknown,PostgreSQL
tonycarvalho1994-python,nginx,Python,unknown,PostgreSQL
tortuga,custom,ruby,unknown,postgres
trindadematheus-node,custom,node.js,unknown,postgresql
tsugami,nginx,golang,gin,postgresql
udleinati,haproxy,deno,unknown,postgres
Vagnerlg,custom,java,unknown,postgres
vgdss,nginx,python,FastAPI,PostgreSQL
vhogemann,custom,F#,Falco,Postgres
victor-132,nginx,go,fiber,mongodb
victor-macedo,nginx,go-chi,unknown,postgresql
victor-marcolino,nginx,go,unknown,postgres
victor99z,nginx,go,fiber,postgres
victornfb,nginx,javascript,unknown,postgres
victorverdoodt,nginx,.NET,unknown,postgres
vifonsec4-lb-khd0,custom,c++,unknown,mariadb
vifonsec4-nginx,nginx,mariadb,c++,unknown
vineboneto-go,nginx,go,unknown,postgres
vineboneto-js,nginx,NodeJS,unknown,Postgres
vinicius-golang,nginx,golang,unknown,mongodb
vinicius-julio,nginx,zig,unknown,sqlite3
viniciusamc-golang,nginx,golang,unknown,postgres
viniciusfcf,nginx,unknown,unknown,postgres
viniciusgferreira,nginx,go,unknown,postgres
viniciusnrg,nginx,java,unknown,postgres
viniville-spring-webflux,nginx,java,Spring_Boot,postgres
viniville-spring-webmvc,nginx,java,Spring_Boot,postgres
viniville-spring-webmvc-native,nginx,java,unknown,postgres
vitorascorrea,nginx,unknown,unknown,postgres
vitorbgs,nginx,.NET,unknown,PostgreSQL
vitorlacerda-dotnet,nginx,cpp,unknown,postgres
vitorlacerda-golang,nginx,Golang,unknown,postgres
vitornorberto,nginx,java,spring_boot,postgres
vitornorberto-micronaut,nginx,java,unknown,postgres
vitorrt-nodejs,nginx,nodejs,unknown,postgres
vitorsalgado,custom,Go,unknown,Postgres
vitorsalgado-custom-lb,custom,go,unknown,postgres
vitorsalgado-custom-lb-db-conf,envoy,go,unknown,postgres
vitorsalgado-nodejs,custom,javascript,unknown,postgres
vitor_weirich_java,nginx,java,unknown,postgresql
vitor_weirich_java_network_host,nginx,java,unknown,postgresql
vkobinski,nginx,rust,unknown,postgres
vpithan-bun,nginx,clojure,unknown,postgres
vyctorguimaraes,nginx,typescript,unknown,postgresql
wagner,nginx,.NET,unknown,PostgreSQL
wallacepinho,nginx,python,unknown,postgres
wdmatheus,nginx,.NET,unknown,Postgresql
welitonfreitas,nginx,python,fastapi,postgres
wesleyav,nginx,java,unknown,mysql
wesleyegberto,nginx,java,unknown,postgres
wesleyricardi-rust,custom,rust,actix-web,postgres
weversonl,nginx,java,unknown,postgres
whyakari,custom,golang,gin-gonic,mariadb
wiliamvj,nginx,go,unknown,postgres
williammaia,nginx,go,unknown,postgres
williamsumida,nginx,typescript,unknown,postgres
williamtakeshi-rust,nginx,rust,unknown,postgres
williansugiyama,nginx,unknown,bun,postgres
wladneto,nginx,nodeJS,express,mySQL
wosteimer,nginx,python,starlette,postgres
yanpgabriel,nginx,unknown,quarkus,postgres
yanpitangui,nginx,.NET,unknown,Postgresql
ydotnet,nginx,dotnet,unknown,postgres
ygorcarmo,nginx,go,unknown,postgres
yMarceloMaia,custom,node,express,postgres
zan-clojure-01,nginx,clojure,unknown,postgres
zan-dotnet,nginx,C#,unknown,postgres
zaqueu,nginx,c#,unknown,postgres
zelnatal,nginx,rust,unknown,postgres
zetos-bun,nginx,unknown,bun,postgres
zetos-haskell,nginx,haskell,unknown,postgres
zetos-node,nginx,nodeJS,unknown,postgres
zsantana,nginx,java,unknown,postgres
